{
     "rmse": 0.7848887730753884,
     "mae": 0.6160503860997886,
     "r2_score": 0.0041115253754365755
}